Category,Note,Sample Rate,Sample HexID,Instrument Name,SF Program,SF Bank,SF FineTune,SF CoarseTune,SF LowestKey,SF HighestKey,SF Sample Volume (dB reduction),SF Attack (ms),SF Hold (ms),SF Decay (ms),SF Sustain (dB reduction),SF Release (ms),ID,PitchBendRange,Unk25,LowestKey,HighestKey,LowestVelocity,HighestVelocity,SampleID,FineTune,CoarseTune,RootKey,KeyTransposition,Volume,Pan,KeyGroupID,EnableEnveloppe,EnveloppeDurationMultiplier,AttackVolume,Attack,Decay,Sustain,Hold,FadeOut,Release,AttackMs,DecayMs,HoldMs,FadeOutMs,ReleaseMs
Instrument,,32033hz,28B,Piano,000,000,-11,+0,0,60,"2,16",0,0,12000,96,1200,0,2,1,,,0,127,651,-57,-1,54,0,100,64,,1,1,0,0,100,0,10,127,60,0,#ERROR!,10,-1,435
Instrument,,32012hz,28C,Piano,000,000,-1,+0,61,72,"1,36",0,0,12000,96,1200,0,2,1,,,0,127,652,-57,-1,66,0,110,64,,1,1,0,0,100,0,10,127,60,0,3690,10,-1,435
Instrument,,32057hz,28D,Piano,000,000,-5,+0,73,127,0,0,0,12000,96,1200,0,2,1,,,0,127,653,-57,-1,78,0,127,64,,1,1,0,0,100,0,10,127,60,0,3690,10,-1,435
Instrument,,16019hz,265,Piano Bass,001,000,-9,+0,0,127,0,0,0,18000,96,1200,0,2,1,,,0,127,613,-94,-13,31,0,127,64,,1,1,0,0,0,127,0,110,40,0,0,0,5430,80
Instrument,,22050hz,56,Electric Piano,002,000,-4,+0,77,127,"2,16",0,0,5000,96,1000,0,2,1,,,0,127,86,42,-7,84,0,95,64,,1,1,30,30,50,100,30,70,50,#ERROR!,204,30,822,204
Instrument,,22057hz,A3,Electric Piano,002,000,-3,+0,0,76,"2,52",0,0,5000,96,1000,0,2,1,,,0,127,163,42,-7,72,0,100,64,,1,1,30,30,50,100,30,70,50,30,204,30,822,204
Instrument,,45656hz,261,Tine E-Piano,003,000,+14,+0,0,127,0,0,0,8000,96,200,0,2,1,,,0,127,609,-41,5,60,0,127,64,,1,1,0,0,0,127,0,100,60,0,0,0,3690,435
Instrument,,44210hz,271,FM E-Piano,004,000,-6,+0,0,127,0,0,0,8000,96,700,0,2,1,,,0,127,625,53,5,72,0,127,64,,1,1,0,0,100,0,0,127,64,0,3690,0,-1,568
Instrument,,22071hz,26,Harpsichord 1,005,000,-15,+0,0,59,"2,52",0,300,12000,96,600,0,2,1,,,0,127,38,46,-7,60,0,95,64,,1,1,0,0,50,100,0,70,50,0,204,0,822,204
Instrument,,22077hz,27,Harpsichord 1,005,000,-15,+0,60,71,"2,92",0,300,12000,96,600,0,2,1,,,0,127,39,46,-7,72,0,90,64,,1,1,0,0,50,100,0,70,50,0,204,0,822,204
Instrument,,22077hz,28,Harpsichord 1,005,000,-16,+0,72,127,"3,72",0,300,12000,96,600,0,2,1,,,0,127,40,46,-7,84,0,80,64,,1,1,0,0,50,100,0,70,50,0,204,0,822,204
Instrument,,22063hz,23,Harpsichord 2,006,000,-12,+0,0,59,"2,52",0,300,12000,96,1200,0,2,1,,,0,127,35,46,-7,60,0,95,64,,1,1,0,0,50,100,0,70,50,0,204,0,822,204
Instrument,,22108hz,24,Harpsichord 2,006,000,-15,+0,60,71,"2,92",0,300,12000,96,1200,0,2,1,,,0,127,36,46,-7,72,0,90,64,,1,1,0,0,50,100,0,70,50,0,204,0,822,204
Instrument,,22121hz,25,Harpsichord 2,006,000,-17,+0,72,127,"3,72",0,300,12000,96,1200,0,2,1,,,0,127,37,46,-7,84,0,80,64,,1,1,0,0,50,100,0,70,50,0,204,0,822,204
Instrument,,44177hz,26D,Celeste,007,000,-1,+0,0,127,0,0,200,3000,96,1200,0,2,1,,,0,127,621,49,5,77,0,127,64,,1,1,0,0,64,0,0,127,60,0,568,0,-1,435
Instrument,,22196hz,8D,Glockenspiel 1,008,000,+21,+0,0,127,0,0,0,5000,96,1500,0,2,1,,,0,127,141,71,-7,88,0,127,64,,1,1,0,0,50,80,0,70,70,0,204,0,822,822
Instrument,,32105hz,260,Glockenspiel 2,009,000,-34,+0,0,127,0,0,0,5000,96,1500,0,2,1,,,0,127,608,-85,-1,96,0,127,64,,1,1,0,0,100,0,0,127,64,0,3690,0,-1,568
Instrument,,22102hz,2F,Music Box,010,000,-15,+0,0,71,"1,36",0,0,5000,96,800,0,2,1,,,0,127,47,52,-7,60,0,110,64,,1,1,0,0,50,90,0,80,60,0,204,0,1420,435
Instrument,,22186hz,30,Music Box,010,000,-13,+0,72,127,"4,12",0,0,5000,96,800,0,2,1,,,0,127,48,52,-7,72,0,75,64,,1,1,0,0,50,90,0,80,60,0,204,0,1420,435
Instrument,,22050hz,67,Vibraphone,011,000,-5,+0,84,127,"2,16",0,0,5000,96,1200,0,2,1,,,0,127,103,42,-7,84,0,100,64,,1,1,0,0,50,80,0,70,65,0,204,0,822,606
Instrument,,22071hz,A0,Vibraphone,011,000,-4,+0,0,83,"1,36",0,0,5000,96,1200,0,2,1,,,0,127,160,42,-7,72,0,110,64,,1,1,0,0,50,80,0,70,65,0,204,0,822,606
Instrument,,22282hz,2D,Marimba,012,000,+3,+0,0,83,"1,36",0,0,3000,96,400,0,2,1,,,0,127,45,88,-7,72,0,110,64,,1,1,0,0,40,50,10,70,60,0,80,10,822,435
Instrument,,22124hz,2E,Marimba,012,000,+0,+0,84,127,"2,16",0,0,3000,96,400,0,2,1,,,0,127,46,88,-7,84,0,100,64,,1,1,0,0,40,50,10,70,60,0,80,10,822,435
Instrument,,22092hz,66,Tubular Bells,013,000,+12,+0,0,127,"1,36",0,0,6000,96,1200,0,2,1,,,0,127,102,50,-7,60,0,110,64,,1,1,0,0,60,105,0,70,75,0,435,0,822,1090
Instrument,Duplicate of ID#102,22092hz,12C,Tubular Bells,013,000,+12,+0,-,-,"1,36",0,0,6000,96,1200,0,2,1,,,0,127,300,50,-7,60,0,110,64,,1,1,0,0,60,105,0,70,75,0,435,0,822,1090
Instrument,,22050hz,52,Fantasia 1,014,000,-12,+0,60,71,"2,16",30,0,6000,96,1000,0,2,1,,,0,127,82,42,-7,60,0,100,64,,1,1,30,30,45,95,30,80,60,30,131,30,1420,435
Instrument,,22066hz,53,Fantasia 1,014,000,+5,+0,84,127,0,30,0,6000,96,1000,0,2,1,,,0,127,83,42,-7,84,0,127,64,,1,1,30,30,45,95,30,80,60,30,131,30,1420,435
Instrument,,22068hz,A1,Fantasia 1,014,000,-15,+0,0,59,0,30,0,6000,96,1000,0,2,1,,,0,127,161,42,-7,55,0,127,64,,1,1,30,30,45,95,30,80,60,30,131,30,1420,435
Instrument,,22050hz,A2,Fantasia 1,014,000,-15,+0,72,83,0,30,0,6000,96,1000,0,2,1,,,0,127,162,42,-7,72,0,127,64,,1,1,30,30,45,95,30,80,60,30,131,30,1420,435
Instrument,Duplicate of ID#161,22068hz,15F,Fantasia 1,014,000,-15,+0,-,-,0,30,0,6000,96,1000,0,2,1,,,0,127,351,42,-7,55,0,127,64,,1,1,30,30,45,95,30,80,60,30,131,30,1420,435
Instrument,Duplicate of ID#161,22068hz,191,Fantasia 1,014,000,-15,+0,-,-,0,30,0,6000,96,1000,0,2,1,,,0,127,401,42,-7,55,0,127,64,,1,1,30,30,45,95,30,80,60,30,131,30,1420,435
Instrument,,16015hz,25D,Fantasia 2,015,000,-5,+0,0,64,0,0,0,8000,96,1000,0,2,1,,,0,127,605,-96,-13,55,0,127,64,,1,1,0,0,64,0,0,127,50,0,568,0,-1,204
Instrument,,16020hz,25E,Fantasia 2,015,000,-6,+0,65,76,0,0,0,8000,96,1000,0,2,1,,,0,127,606,-96,-13,67,0,127,64,,1,1,0,0,64,0,0,127,50,0,568,0,-1,204
Instrument,,16002hz,25F,Fantasia 2,015,000,-11,+0,77,127,0,0,0,8000,96,1000,0,2,1,,,0,127,607,-96,-13,79,0,127,64,,1,1,0,0,64,0,0,127,50,0,568,0,-1,204
Instrument,,22099hz,A4,Synth Mallet,016,000,-20,+0,0,71,0,0,0,5000,96,1000,0,2,1,,,0,127,164,52,-7,36,0,127,64,,1,1,0,0,50,95,0,80,55,0,204,0,1420,303
Instrument,,22062hz,A5,Synth Mallet,016,000,-12,+0,72,127,"1,36",0,0,5000,96,1000,0,2,1,,,0,127,165,52,-7,72,0,110,64,,1,1,0,0,50,95,0,80,55,0,204,0,1420,303
Instrument,,22052hz,33,Percussive Organ,017,000,-2,+0,0,127,0,0,0,0,0,400,0,2,1,,,0,127,51,42,-7,60,0,127,64,,1,1,0,0,30,60,30,127,45,0,30,30,-1,131
Instrument,,16013hz,264,Synth Organ,018,000,-11,+0,0,127,0,0,0,0,0,800,0,2,1,,,0,127,612,-96,-13,72,0,127,64,,1,1,0,0,0,127,0,127,40,0,0,0,-1,80
Instrument,,16011hz,25C,Melodica,019,000,-3,+0,0,127,0,0,0,0,0,400,0,2,1,,,0,127,604,-97,-13,65,0,127,64,,1,1,0,0,0,127,0,127,45,0,0,0,-1,131
Instrument,,22148hz,86,Finger Bass,020,000,+0,+0,40,61,0,0,800,20000,96,300,0,2,1,,,0,127,134,61,-7,40,0,127,64,,1,1,0,0,80,100,0,95,40,0,1420,0,3000,80
Instrument,,22050hz,87,Finger Bass,020,000,-2,+0,0,39,0,0,800,20000,96,300,0,2,1,,,0,127,135,61,-7,31,0,127,64,,1,1,0,0,80,100,0,95,40,0,1420,0,3000,80
Instrument,,22050hz,9B,Finger Bass,020,000,-4,+0,62,127,0,0,800,20000,96,300,0,2,1,,,0,127,155,61,-7,50,0,127,64,,1,1,0,0,80,100,0,95,40,0,1420,0,3000,80
Instrument,,22122hz,88,Pick Bass,021,000,+26,+0,0,37,0,0,800,20000,96,300,0,2,1,,,0,127,136,56,-7,26,0,127,64,,1,1,0,0,0,127,0,127,40,0,0,0,-1,80
Instrument,,22160hz,89,Pick Bass,021,000,+0,+0,38,127,"1,36",0,800,20000,96,300,0,2,1,,,0,127,137,56,-7,38,0,110,64,,1,1,0,0,0,127,0,127,40,0,0,0,-1,80
Instrument,,32136hz,266,J-Bass,022,000,-6,+0,0,127,0,0,800,20000,96,300,0,2,1,,,0,127,614,-81,-1,46,0,127,64,,1,1,0,0,50,70,0,80,64,0,204,0,1420,568
Instrument,,22450hz,8A,Slap Bass,023,000,-37,+0,0,127,"2,92",0,800,20000,96,200,0,2,1,,,0,127,138,121,-7,36,0,90,64,,1,1,0,0,50,100,0,80,40,0,204,0,1420,80
Instrument,,22050hz,1F,Bass Harmonics,024,000,-3,+0,0,127,0,0,400,3000,9,600,0,2,1,,,0,127,31,,,84,0,127,64,,1,1,0,0,80,100,0,95,40,0,1420,0,3000,80
Instrument,,22076hz,5C,Synth Bass 1,025,000,+0,+0,0,127,0,0,800,20000,96,300,0,2,1,,,0,127,92,47,-7,36,0,127,64,,1,1,0,0,0,127,0,127,40,0,0,0,-1,80
Instrument,,22201hz,5D,Synth Bass 2,026,000,+9,+0,0,127,0,0,800,20000,96,300,0,2,1,,,0,127,93,72,-7,36,0,127,64,,1,1,0,0,0,127,0,127,40,0,0,0,-1,80
Instrument,,11281hz,27F,Synth Bass 3,027,000,+25,+0,0,127,0,0,800,20000,96,300,0,2,1,,,0,127,639,,,36,0,127,64,,1,1,0,0,0,127,0,127,40,0,0,0,-1,80
Instrument,,22050hz,B0,Nylon Guitar,028,000,-4,+0,72,127,0,0,0,8000,96,600,0,2,1,,,0,127,176,42,-7,72,0,127,64,,1,1,0,0,40,80,0,100,55,0,80,0,3690,303
Instrument,,22093hz,B1,Nylon Guitar,028,000,-9,+0,0,71,"1,36",0,0,8000,96,600,0,2,1,,,0,127,177,42,-7,48,0,110,64,,1,1,0,0,40,80,0,100,55,0,80,0,3690,303
Instrument,,22124hz,B4,Steel Guitar,029,000,+4,+0,0,58,0,0,0,8000,96,600,0,2,1,,,0,127,180,57,-7,48,0,127,64,,1,1,0,0,65,100,45,100,60,0,606,131,3690,435
Instrument,,22133hz,B5,Steel Guitar,029,000,+1,+0,59,127,"0,96",0,0,8000,96,600,0,2,1,,,0,127,181,57,-7,62,0,115,64,,1,1,0,0,45,100,45,100,60,0,131,131,3690,435
Instrument,,44182hz,272,Mandolin,030,000,-4,+0,0,127,0,0,0,6000,96,600,0,2,1,,,0,127,626,50,5,60,0,127,64,,1,1,0,0,80,0,0,127,64,0,1420,0,-1,568
Instrument,,22050hz,92,Overdriven Guitar,031,000,-10,+0,0,127,0,0,200,16000,96,400,0,2,1,,,0,127,146,42,-7,69,0,127,64,,1,1,0,0,0,90,0,90,50,0,0,0,2410,204
Instrument,,22180hz,28E,Distorted Guitar,032,000,+0,+0,0,127,0,0,200,16000,96,400,0,2,1,,,0,127,654,68,-7,48,0,127,64,,1,1,0,0,0,90,0,90,40,0,0,0,2410,80
Instrument,,22062hz,1E,Guitar Harmonics,033,000,-9,+0,0,127,0,0,200,16000,96,200,0,2,1,,,0,127,30,,,72,0,127,64,,1,1,0,0,0,90,0,90,40,0,0,0,2410,80
Instrument,,22167hz,AD,Sitar,034,000,-6,+0,74,127,"2,16",0,0,5000,96,600,0,2,1,,,0,127,173,65,-7,74,0,100,64,,1,1,35,35,20,70,0,80,60,45,20,0,1420,435
Instrument,,22050hz,AE,Sitar,034,000,-5,+0,0,73,0,0,0,5000,96,600,0,2,1,,,0,127,174,65,-7,62,0,127,64,,1,1,0,0,20,80,0,85,60,0,20,0,1910,435
Instrument,,16019hz,273,Banjo,035,000,-7,+0,0,127,0,0,0,5000,96,600,0,2,1,,,0,127,627,-94,-13,59,0,127,64,,1,1,0,0,60,0,0,127,64,0,435,0,-1,568
Instrument,,22226hz,21,Harp,036,000,-19,+0,0,71,0,0,0,8000,96,1500,0,2,1,,,0,127,33,77,-7,48,0,127,64,,1,1,0,0,50,70,0,80,70,0,204,0,1420,822
Instrument,,22508hz,22,Harp,036,000,-1,+0,72,127,"2,52",0,0,8000,96,1500,0,2,1,,,0,127,34,77,-7,72,0,95,64,,1,1,0,0,50,70,0,80,70,0,204,0,1420,822
Instrument,,32034hz,26E,Cello,037,000,-12,+0,0,127,0,0,0,0,0,400,0,2,1,,,0,127,622,-95,-1,50,0,127,64,,1,1,0,0,0,127,0,127,40,0,0,0,-1,80
Instrument,,22054hz,7D,Bass Section,038,000,-4,+0,0,127,0,80,0,0,0,500,0,2,1,,,0,127,125,43,-7,29,0,127,64,,1,1,30,50,30,100,0,127,50,204,30,0,-1,204
Instrument,,22050hz,4F,Violin 1,039,000,-7,+0,67,78,0,0,0,0,0,400,0,2,1,,,0,127,79,42,-7,67,0,127,64,,1,1,0,0,20,100,0,127,45,0,20,0,-1,131
Instrument,,22074hz,50,Violin 1,039,000,-12,+0,79,127,0,0,0,0,0,400,0,2,1,,,0,127,80,42,-7,79,0,127,64,,1,1,0,0,20,100,0,127,45,0,20,0,-1,131
Instrument,,22050hz,51,Violin 1,039,000,-10,+0,0,66,0,0,0,0,0,400,0,2,1,,,0,127,81,42,-7,61,0,127,64,,1,1,0,0,20,100,0,127,45,0,20,0,-1,131
Instrument,,44112hz,27A,Violin 2,040,000,-13,+0,79,127,0,0,0,0,0,400,0,2,1,,,0,127,634,43,5,79,0,127,64,,1,1,30,50,0,127,0,127,50,204,0,0,-1,204
Instrument,,44100hz,27B,Violin 2,040,000,-8,+0,0,78,0,0,0,0,0,400,0,2,1,,,0,127,635,43,5,67,0,127,64,,1,1,30,50,0,127,0,127,50,204,0,0,-1,204
Instrument,Uses same samples as P#040 B#000,44112hz,27A,Violins,041,000,-13,+0,0,127,0,0,0,0,0,400,0,2,1,,,0,127,634,,,79,0,127,64,,1,1,30,50,0,127,0,127,50,204,0,0,-1,204
Instrument,Uses same samples as P#040 B#000,44100hz,27B,Violins,041,000,-8,+0,0,72,0,0,0,0,0,400,0,2,1,,,0,127,635,,,67,0,127,64,,1,1,30,50,0,127,0,127,50,204,0,0,-1,204
Instrument,,44100hz,278,Viola,042,000,+0,+0,0,127,0,0,0,0,0,400,0,2,1,,,0,127,632,42,5,60,0,127,64,,1,1,20,40,100,40,0,127,50,80,3690,0,-1,204
Instrument,,22050hz,190,Viola Section,043,000,+0,+0,0,127,0,0,0,0,0,600,0,2,1,,,0,127,400,42,-7,60,0,127,64,,1,1,0,0,100,110,100,127,40,0,3690,3690,-1,80
Instrument,,22055hz,49,String Section,044,000,+3,+0,0,59,0,0,0,0,0,600,0,2,1,,,0,127,73,43,-7,48,0,127,64,,1,1,0,0,0,127,0,127,40,0,0,0,-1,80
Instrument,,22062hz,4A,String Section,044,000,+2,+0,60,83,"1,76",0,0,0,0,600,0,2,1,,,0,127,74,43,-7,60,0,105,64,,1,1,0,0,0,127,0,127,40,0,0,0,-1,80
Instrument,,22064hz,4B,String Section,044,000,+1,+0,84,127,"2,16",0,0,0,0,600,0,2,1,,,0,127,75,43,-7,72,0,100,64,,1,1,0,0,0,127,0,127,40,0,0,0,-1,80
Instrument,,22282hz,78,Pizzicato Strings,045,000,+3,+0,72,127,"3,32",0,0,2000,96,500,0,2,1,,,0,127,120,88,-7,72,0,85,64,,1,1,0,0,40,100,20,70,55,0,80,20,822,303
Instrument,,22276hz,79,Pizzicato Strings,045,000,+16,+0,60,71,"2,52",0,0,2000,96,500,0,2,1,,,0,127,121,88,-7,60,0,95,64,,1,1,0,0,40,100,20,70,55,0,80,20,822,303
Instrument,,22112hz,7A,Pizzicato Strings,045,000,-12,+0,54,59,"2,16",0,0,2000,96,500,0,2,1,,,0,127,122,88,-7,54,0,100,64,,1,1,0,0,40,100,20,70,55,0,80,20,822,303
Instrument,,22179hz,7B,Pizzicato Strings,045,000,-8,+0,0,53,0,0,0,2000,96,500,0,2,1,,,0,127,123,88,-7,45,0,127,64,,1,1,0,0,40,100,20,70,55,0,80,20,822,303
Instrument,,22053hz,268,Synth Strings 1,046,000,-10,+0,0,57,0,80,0,0,0,600,0,2,1,,,0,127,616,42,-7,48,0,127,64,,1,1,0,40,0,127,0,127,50,80,0,0,-1,204
Instrument,,22030hz,269,Synth Strings 1,046,000,-3,+0,58,67,0,80,0,0,0,600,0,2,1,,,0,127,617,42,-7,64,0,127,64,,1,1,0,40,0,127,0,127,50,80,0,0,-1,204
Instrument,,22052hz,26A,Synth Strings 1,046,000,-2,+0,68,79,0,80,0,0,0,600,0,2,1,,,0,127,618,42,-7,72,0,127,64,,1,1,0,40,0,127,0,127,50,80,0,0,-1,204
Instrument,,22059hz,26B,Synth Strings 1,046,000,-4,+0,80,127,0,80,0,0,0,600,0,2,1,,,0,127,619,42,-7,84,0,127,64,,1,1,0,40,0,127,0,127,50,80,0,0,-1,204
Instrument,,22058hz,267,Synth Strings 2,047,000,-7,+0,0,127,0,80,0,0,0,600,0,2,1,,,0,127,615,43,-7,36,0,127,64,,1,1,0,40,0,127,0,127,50,80,0,0,-1,204
Instrument,Uses same sample as P#046 B#000,22053hz,268,Synth Strings 23,047,000,-10,+0,0,127,0,80,0,0,0,600,0,2,1,,,0,127,616,43,-7,48,0,127,64,,1,1,0,40,0,127,0,127,50,80,0,0,-1,204
Instrument,,22050hz,57,Orchestral Hit,048,000,+0,+0,0,127,0,0,0,0,0,600,0,2,1,,,0,127,87,,,60,0,127,64,,1,1,0,0,0,127,0,127,40,0,0,0,-1,80
Instrument,,22057hz,75,Choir Aahs,049,000,+0,+0,0,54,"0,96",0,0,0,0,600,0,2,1,,,0,127,117,43,-7,48,0,115,64,,1,1,0,0,0,127,0,127,40,0,0,0,-1,80
Instrument,,22054hz,76,Choir Aahs,049,000,+0,+0,55,66,"1,76",0,0,0,0,600,0,2,1,,,0,127,118,43,-7,55,0,105,64,,1,1,0,0,0,127,0,127,40,0,0,0,-1,80
Instrument,,22054hz,77,Choir Aahs,049,000,+0,+0,67,127,"2,16",0,0,0,0,600,0,2,1,,,0,127,119,43,-7,67,0,95,64,,1,1,0,0,0,127,0,127,40,0,0,0,-1,80
Instrument,,16016hz,258,Solo Voice,050,000,-3,+0,0,127,0,0,0,0,0,400,0,2,1,,,0,127,600,-95,-13,60,0,127,64,,1,1,0,0,0,127,0,127,40,0,0,0,-1,80
Instrument,,22050hz,277,Voice Tenor,051,000,+11,+0,0,127,0,0,0,0,0,600,0,2,1,,,0,127,631,42,-7,52,0,127,64,,1,1,0,0,0,127,0,127,40,0,0,0,-1,80
Instrument,,22142hz,A,Voice Oohs,052,000,-11,+0,69,127,0,0,0,0,0,400,0,2,1,,,0,127,10,60,-7,69,0,127,64,,1,1,0,0,0,127,0,127,40,0,0,0,-1,80
Instrument,,22202hz,B,Voice Oohs,052,000,-4,+0,0,55,0,0,0,0,0,400,0,2,1,,,0,127,11,60,-7,48,0,127,64,,1,1,0,0,0,127,0,127,40,0,0,0,-1,80
Instrument,,22079hz,D,Voice Oohs,052,000,-8,+0,56,68,0,0,0,0,0,400,0,2,1,,,0,127,13,60,-7,60,0,127,64,,1,1,0,0,0,127,0,127,40,0,0,0,-1,80
Instrument,,22059hz,160,Trumpet Section,053,000,-3,+0,0,127,0,0,0,0,0,600,0,2,1,,,0,127,352,44,-7,72,0,127,64,,1,1,0,0,0,127,0,127,40,0,0,0,-1,80
Instrument,,16034hz,275,Solo Trumpet 1,054,000,+21,+0,0,127,0,0,0,0,0,400,0,2,1,,,0,127,629,-90,-13,50,0,127,64,,1,1,0,0,0,127,0,127,40,0,0,0,-1,80
Instrument,,22213hz,63,Solo Trumpet 2,055,000,-3,+0,0,127,0,0,0,0,0,400,0,2,1,,,0,127,99,,,74,0,127,64,,1,1,0,0,0,127,0,127,40,0,0,0,-1,80
Instrument,,22050hz,AC,Muted Trumpet,056,000,+1,+0,0,127,0,0,0,0,0,400,0,2,1,,,0,127,172,,,60,0,127,64,,1,1,0,0,0,127,0,127,40,0,0,0,-1,80
Instrument,,22132hz,98,Trombone,057,000,+0,+0,52,64,0,0,0,0,0,400,0,2,1,,,0,127,152,58,-7,52,0,127,64,,1,1,0,0,30,90,0,127,50,0,30,0,-1,204
Instrument,,22050hz,99,Trombone,057,000,+2,+0,65,127,0,0,0,0,0,400,0,2,1,,,0,127,153,58,-7,65,0,127,64,,1,1,0,0,30,90,0,127,50,0,30,0,-1,204
Instrument,,22082hz,9A,Trombone,057,000,+0,+0,0,51,0,0,0,0,0,400,0,2,1,,,0,127,154,58,-7,43,0,127,64,,1,1,0,0,30,90,0,127,50,0,30,0,-1,204
Instrument,,22050hz,A9,Tuba,058,000,+10,+0,0,42,0,0,0,0,0,300,0,2,1,,,0,127,169,42,-7,33,0,127,64,,1,1,0,0,0,127,0,127,40,0,0,0,-1,80
Instrument,,22154hz,AA,Tuba,058,000,+2,+0,48,127,0,0,0,0,0,300,0,2,1,,,0,127,170,42,-7,48,0,127,64,,1,1,0,0,0,127,0,127,40,0,0,0,-1,80
Instrument,,22050hz,AB,Tuba,058,000,-2,+0,43,47,0,0,0,0,0,300,0,2,1,,,0,127,171,42,-7,43,0,127,64,,1,1,0,0,0,127,0,127,40,0,0,0,-1,80
Instrument,,45158hz,291,Saxophone,059,000,-4,+0,0,127,0,0,0,0,0,300,0,2,1,,,0,127,657,101,5,53,0,127,64,,1,1,0,0,70,80,30,127,50,0,822,30,-1,204
Instrument,,32024hz,262,Brass Section,060,000,+0,+0,0,127,0,0,0,0,0,400,0,2,1,,,0,127,610,-96,-1,67,0,127,64,,1,1,0,0,0,127,0,127,40,0,0,0,-1,80
Instrument,,44100hz,274,Brass 1,061,000,-5,+0,0,127,0,0,0,0,0,400,0,2,1,,,0,127,628,42,5,76,0,127,64,,1,1,0,0,0,127,0,127,40,0,0,0,-1,80
Instrument,,22828hz,85,Brass 2,062,000,-5,+0,0,66,0,0,0,0,0,600,0,2,1,,,0,127,133,-61,-7,60,0,127,64,,1,1,0,0,30,90,0,127,43,0,30,0,-1,109
Instrument,,22050hz,9C,Brass 2,062,000,+0,+0,77,127,0,0,0,0,0,600,0,2,1,,,0,127,156,-61,-7,77,0,127,64,,1,1,0,0,30,90,0,127,43,0,30,0,#ERROR!,109
Instrument,,22963hz,9D,Brass 2,062,000,+2,+0,67,76,0,0,0,0,0,600,0,2,1,,,0,127,157,-61,-7,67,0,127,64,,1,1,0,0,30,90,0,127,43,0,30,0,-1,109
Instrument,,22073hz,72,Brass 3,063,000,+14,+0,72,127,0,0,0,0,0,500,0,2,1,,,0,127,114,46,-7,72,0,127,64,,1,1,0,0,30,110,0,127,45,0,30,0,-1,131
Instrument,,22085hz,84,Brass 3,063,000,+13,+0,0,71,0,0,0,0,0,500,0,2,1,,,0,127,132,46,-7,60,0,127,64,,1,1,0,0,30,110,0,127,45,0,30,0,-1,131
Instrument,,22400hz,4,Brass 4,064,000,-5,+0,0,127,0,0,0,0,0,600,0,2,1,,,0,127,4,112,-7,72,0,127,64,,1,1,0,0,0,127,0,127,40,0,0,0,-1,80
Instrument,,22349hz,2C,Horn Section,065,000,0,+0,0,127,0,0,0,0,0,400,0,2,1,,,0,127,44,101,-7,65,0,127,64,,1,1,0,0,30,85,0,127,50,0,30,0,-1,204
Instrument,,45264hz,28F,French Horn,066,000,-17,+0,0,127,0,0,0,0,0,600,0,2,1,,,0,127,655,93,5,52,0,127,64,,1,1,40,20,100,30,0,127,50,20,3690,0,-1,204
Instrument,,32114hz,276,French Horns 1,067,000,-3,+0,0,127,"1,36",0,0,0,0,600,0,2,1,,,0,127,630,-84,-1,60,0,110,64,,1,1,0,0,0,127,0,127,40,0,0,0,-1,80
Instrument,,16014hz,259,French Horns 2,068,000,-4,+0,0,127,0,0,0,0,0,600,0,2,1,,,0,127,601,-96,-13,53,0,127,64,,1,1,0,0,0,127,0,127,40,0,0,0,-1,80
Instrument,,32004hz,279,English Horn,069,000,-5,+0,0,127,0,0,0,0,0,400,0,2,1,,,0,127,633,-125,-1,60,0,127,64,,1,1,0,0,0,127,0,127,40,0,0,0,-1,80
Instrument,"Seems supposed to be part of this instrument, but unused in the original OST",16002hz,25A,Horns,070,000,+0,+0,0,64,0,0,0,0,0,600,0,2,1,,,0,127,602,-97,-13,59,0,127,64,,1,1,0,0,0,127,0,127,40,0,0,0,-1,80
Instrument,,16008hz,25B,Horns,070,000,+2,+0,65,127,0,0,0,0,0,600,0,2,1,,,0,127,603,-97,-13,65,0,127,64,,1,1,0,0,0,127,0,127,40,0,0,0,-1,80
Instrument,,22078hz,93,Bass & Horn,071,000,+1,+0,0,59,"2,16",0,0,0,0,600,0,2,1,,,0,127,147,47,-7,36,0,95,64,,1,1,0,0,0,127,0,127,40,0,0,0,-1,80
Instrument,,22051hz,94,Bass & Horn,071,000,-3,+0,60,127,"2,16",0,0,0,0,600,0,2,1,,,0,127,148,47,-7,60,0,95,64,,1,1,0,0,0,127,0,127,40,0,0,0,-1,80
Instrument,,22050hz,A6,Bassoon 1,072,000,-13,+0,0,47,0,0,0,0,0,600,0,2,1,,,0,127,166,42,-7,36,0,127,64,,1,1,0,0,50,70,0,127,50,0,204,0,-1,204
Instrument,,22050hz,A7,Bassoon 1,072,000,-5,+0,48,59,0,0,0,0,0,600,0,2,1,,,0,127,167,42,-7,48,0,127,64,,1,1,0,0,50,70,0,127,50,0,204,0,-1,204
Instrument,,22171hz,A8,Bassoon 1,072,000,-8,+0,60,127,0,0,0,0,0,600,0,2,1,,,0,127,168,42,-7,60,0,127,64,,1,1,0,0,50,70,0,127,50,0,204,0,-1,204
Instrument,,22050hz,73,Bassoon 2,073,000,+1,+0,0,127,0,0,0,0,0,600,0,2,1,,,0,127,115,,,36,0,127,64,,1,1,0,0,50,70,0,127,50,0,204,0,-1,204
Instrument,,22081hz,1A,Flute 1,074,000,+1,+0,87,127,0,0,0,0,0,400,0,2,1,,,0,127,26,48,-7,87,0,127,64,,1,1,0,0,50,80,0,127,50,0,204,0,-1,204
Instrument,,22086hz,1B,Flute 1,074,000,-3,+0,72,86,"0,96",0,0,0,0,400,0,2,1,,,0,127,27,48,-7,77,0,115,64,,1,1,0,0,50,80,0,127,50,0,204,0,-1,204
Instrument,,22087hz,1C,Flute 1,074,000,-5,+0,0,71,0,0,0,0,0,400,0,2,1,,,0,127,28,48,-7,67,0,127,64,,1,1,0,0,50,80,0,127,50,0,204,0,-1,204
Instrument,Uses same sample as P#074 B#000,22081hz,1A,Flute 2,075,000,-4,+0,87,127,0,0,0,0,0,400,0,2,1,,,0,127,26,45,5,87,0,127,64,,1,1,0,0,50,80,0,127,50,0,204,0,-1,204
Instrument,,44131hz,27C,Flute 2,075,000,-3,+0,72,86,"0,96",0,0,0,0,400,0,2,1,,,0,127,636,45,5,77,0,115,64,,1,1,0,0,50,80,0,127,50,0,204,0,-1,204
Instrument,,44132hz,27D,Flute 2,075,000,+1,+0,0,71,0,0,0,0,0,400,0,2,1,,,0,127,637,45,5,67,0,127,64,,1,1,0,0,50,80,0,127,50,0,204,0,-1,204
Instrument,,22932hz,81,Oboe 1,076,000,-8,+0,76,127,"1,36",0,0,0,0,400,0,2,1,,,0,127,129,-40,-7,76,0,110,64,,1,1,0,0,0,127,0,127,40,0,0,0,-1,80
Instrument,,22142hz,82,Oboe 1,076,000,+2,+0,0,75,"2,16",0,0,0,0,400,0,2,1,,,0,127,130,-40,-7,61,0,100,64,,1,1,0,0,0,127,0,127,40,0,0,0,-1,80
Instrument,,22066hz,32,Oboe 2,077,000,-4,+0,0,83,0,0,0,0,0,400,0,2,1,,,0,127,50,,,72,0,127,64,,1,1,0,0,0,127,0,127,40,0,0,0,-1,80
Instrument,,25200hz,34,Oboe 2,077,000,-6,+0,84,127,0,0,0,0,0,400,0,2,1,,,0,127,52,,,84,0,127,64,,1,1,0,0,0,127,0,127,40,0,0,0,-1,80
Instrument,,22400hz,7E,Clarinet,078,000,-5,+0,0,71,"0,56",0,0,0,0,400,0,2,1,,,0,127,126,112,-7,60,0,120,64,,1,1,0,0,0,127,0,127,40,0,0,0,-1,80
Instrument,,25200hz,7F,Clarinet,078,000,-8,+0,84,127,"2,16",0,0,0,0,400,0,2,1,,,0,127,127,112,-7,84,0,100,64,,1,1,0,0,0,127,0,127,40,0,#ERROR!,0,-1,80
Instrument,,23100hz,80,Clarinet,078,000,-5,+0,72,83,"1,36",0,0,0,0,400,0,2,1,,,0,127,128,112,-7,72,0,110,64,,1,1,0,0,0,127,0,127,40,0,0,0,-1,80
Instrument,,22223hz,F,Hard Clarinet,079,000,+7,+0,0,127,0,0,0,0,0,400,0,2,1,,,0,127,15,,,60,0,127,64,,1,1,0,0,0,127,0,127,40,0,0,0,-1,80
Instrument,,22079hz,35,Pan Flute,080,000,-12,+0,0,71,0,0,0,0,0,600,0,2,1,,,0,127,53,48,-7,60,0,127,64,,1,1,0,0,35,100,0,127,45,0,45,0,-1,131
Instrument,,22050hz,36,Pan Flute,080,000,-12,+0,72,83,"2,16",0,0,0,0,600,0,2,1,,,0,127,54,48,-7,72,0,95,64,,1,1,0,0,35,100,0,127,45,0,45,0,-1,131
Instrument,,22189hz,37,Pan Flute,080,000,-19,+0,84,127,"2,92",0,0,0,0,600,0,2,1,,,0,127,55,48,-7,84,0,90,64,,1,1,0,0,35,100,0,127,45,0,45,0,-1,131
Instrument,,44249hz,270,Recorder,081,000,+0,+0,0,127,0,0,0,0,0,400,0,2,1,,,0,127,624,57,5,72,0,127,64,,1,1,0,0,0,127,0,127,40,0,0,0,-1,80
Instrument,,22064hz,10,Bagpipe,082,000,+2,+0,0,59,"1,36",0,0,0,0,400,0,2,1,,,0,127,16,45,-7,48,0,110,64,,1,1,0,0,50,100,50,127,40,0,204,204,-1,80
Instrument,,22084hz,11,Bagpipe,082,000,+2,+0,60,71,"1,36",0,0,0,0,400,0,2,1,,,0,127,17,45,-7,60,0,110,64,,1,1,0,0,50,100,50,127,40,0,204,204,-1,80
Instrument,,22087hz,12,Bagpipe,082,000,+3,+0,72,127,"2,16",0,0,0,0,400,0,2,1,,,0,127,18,45,-7,72,0,95,64,,1,1,0,0,50,100,50,127,40,0,204,204,-1,80
Instrument,,44225hz,26C,Ocarina,083,000,+0,+0,0,127,0,0,0,0,0,400,0,2,1,,,0,127,620,69,5,81,0,127,64,,1,1,38,38,0,127,0,127,55,64,0,0,-1,303
Instrument,,22932hz,B8,Synth Sine,084,000,-4,+0,0,127,"0,96",0,0,0,0,50,0,2,1,,,0,127,184,-40,-7,81,0,115,64,,1,1,80,40,100,0,0,0,60,80,3690,0,0,435
Instrument,,22050hz,B9,Synth Triangle 1,085,000,+25,+0,0,127,"1,36",0,0,0,0,50,0,2,1,,,0,127,185,119,-8,82,0,110,64,,1,1,0,0,0,127,0,127,40,0,0,0,-1,80
Instrument,,24054hz,31,Synth Triangle 2,086,000,-26,+0,0,127,"1,36",0,0,0,0,50,0,2,1,,,0,127,49,,,71,0,110,64,,1,1,0,0,0,127,0,127,40,0,0,0,-1,80
Instrument,,22932hz,B7,Synth Saw,087,000,-4,+0,0,127,"1,76",0,0,0,0,50,0,2,1,,,0,127,183,-40,-7,81,0,105,64,,1,1,0,0,0,127,0,127,40,0,0,0,-1,80
Instrument,,22932hz,B6,Synth Square,088,000,-4,+0,0,127,"2,92",0,0,0,0,50,0,2,1,,,0,127,182,-40,-7,81,0,90,64,,1,1,0,0,0,127,0,127,40,0,0,0,-1,80
Instrument,,44110hz,26F,Synth Saw/Triangle,089,000,+0,+0,0,127,127,0,0,0,0,50,0,2,1,,,0,127,623,43,5,48,0,127,64,,1,1,0,0,0,127,0,127,40,0,0,0,-1,80
Instrument,,22828hz,3A,Synth Distorted Saw,090,000,+14,+0,0,127,0,0,0,0,0,50,0,2,1,,,0,127,58,-61,-7,72,0,127,64,,1,1,0,0,0,127,0,127,40,0,0,0,-1,80
Instrument,,22053hz,6F,Synth 1,091,000,-21,+0,0,59,0,0,0,0,0,600,0,2,1,,,0,127,111,16,-7,48,0,127,64,,1,1,0,0,90,40,0,127,40,0,2410,0,-1,80
Instrument,,22061hz,70,Synth 1,091,000,-21,+0,60,127,0,0,0,0,0,600,0,2,1,,,0,127,112,16,-7,60,0,127,64,,1,1,0,0,0,127,0,127,40,0,0,0,-1,80
Instrument,,22062hz,58,Synth 2,092,000,+0,+0,72,83,"1,36",0,0,0,0,600,0,2,1,,,0,127,88,44,-7,72,0,110,64,,1,1,0,0,0,127,0,127,40,0,0,0,-1,80
Instrument,,22092hz,59,Synth 2,092,000,-2,+0,84,127,"1,36",0,0,0,0,600,0,2,1,,,0,127,89,44,-7,84,0,110,64,,1,1,0,0,0,127,0,127,40,0,0,0,-1,80
Instrument,,22054hz,74,Synth 2,092,000,+0,+0,0,71,0,0,0,0,0,600,0,2,1,,,0,127,116,44,-7,60,0,127,64,,1,1,0,0,0,127,0,127,40,0,0,0,-1,80
Instrument,,22050hz,39,Synth 3,093,000,+0,+0,0,127,0,0,0,0,0,600,0,2,1,,,0,127,57,42,-7,72,0,127,64,,1,1,0,0,0,127,0,127,40,0,0,0,-1,80
Instrument,,32001hz,290,Synth 4,094,000,+0,+0,0,127,0,0,0,0,0,600,0,2,1,,,0,127,656,-100,-1,66,0,127,64,,1,1,0,0,0,127,0,127,40,0,0,0,-1,80
Instrument,,22057hz,5A,Unused Synth,095,000,-4,+0,0,83,0,0,0,0,0,600,0,2,1,,,0,127,90,,,60,0,127,64,,1,1,0,0,0,127,0,127,40,0,0,0,-1,80
Instrument,,22088hz,5B,Unused Synth,095,000,-5,+0,84,127,0,0,0,0,0,600,0,2,1,,,0,127,91,,,84,0,127,64,,1,1,0,0,0,127,0,127,40,0,0,0,-1,80
Instrument,,22050hz,7C,Timpani,096,000,+30,+0,0,127,"0,96",0,"0,2",4000,96,700,0,2,1,,,0,127,124,42,-7,33,0,115,64,,1,1,0,0,30,100,20,70,65,0,30,20,822,606
Instrument,,22050hz,62,Timpani 2,097,000,-18,+0,0,127,"0,96",0,0,0,0,700,0,2,1,,,0,127,98,,,35,0,115,64,,1,1,0,0,0,127,0,127,40,0,0,0,-1,80
Instrument,,22050hz,48,Steel Drum,098,000,+2,+0,0,127,"2,16",0,0,3000,96,600,0,2,1,,,0,127,72,42,-7,60,0,100,64,,1,1,0,0,50,100,30,60,60,0,204,30,435,435
Instrument,,22050hz,192,Wood Block,099,000,+0,+0,0,127,0,0,3000,0,0,1000,0,2,1,,,0,127,402,42,-7,60,0,127,64,,1,1,0,0,0,127,0,127,40,0,0,0,-1,80
Instrument,,32065hz,263,Drop Echo,100,000,+3,+0,0,127,0,0,0,4000,96,1500,0,2,1,,,0,127,611,-91,-1,88,0,127,64,,1,1,0,0,0,127,0,127,100,0,0,0,-1,3690
Percussion,,08000hz,2BC,Foggy Forest Percussion,107,000,+0,+0,62,62,0,0,0,0,0,600,0,2,1,,,0,127,700,-100,-25,62,0,127,64,,1,1,0,0,0,127,0,127,40,0,0,0,-1,80
Percussion,,08000hz,2BD,Foggy Forest Percussion,107,000,+0,+0,60,60,0,0,0,0,0,600,0,2,1,,,0,127,701,-100,-25,60,0,127,64,,1,1,0,0,0,127,0,127,40,0,0,0,-1,80
Percussion,,22050hz,69,Boulder Quarry Percussion,108,000,+0,+0,0,127,0,0,0,0,0,600,0,2,1,,,0,127,105,42,-7,60,0,127,64,,1,1,0,0,0,120,0,80,60,0,0,0,1420,435
Drumkit,,22050hz,0,0x0_D-Kick,,,,,,,,,,,,,0,2,1,,,0,127,0,,,60,0,,64,,1,1,0,0,0,127,0,127,0,0,0,0,-1,0
Drumkit,,22050hz,1,0x1_D-unknDrum,,,,,,,,,,,,,0,2,1,,,0,127,1,,,60,0,,64,,1,1,0,0,0,127,0,127,0,0,0,0,-1,0
Drumkit,,22050hz,2,0x2_D-unknDrum,,,,,,,,,,,,,0,2,1,,,0,127,2,,,60,0,,64,,1,1,0,0,0,127,0,127,0,0,0,0,-1,0
Drumkit,,22050hz,3,0x3_D-Bongo,,,,,,,,,,,,,0,2,1,,,0,127,3,,,60,0,,64,,1,1,0,0,0,127,0,127,0,0,0,0,-1,0
SFX,,22050hz,5,0x5-U_SFX_WaterS3,,003,+0,+0,0,127,,,,,,,0,2,1,,,0,127,5,,,60,0,,64,,1,1,0,0,0,127,0,127,0,0,0,0,-1,0
Drumkit,,22050hz,6,0x6_D-Shaker,,,,,,,,,,,,,0,2,1,,,0,127,6,,,60,0,,64,,1,1,0,0,0,127,0,127,0,0,0,0,-1,0
Drumkit,,22050hz,E,0xe_D-Clap,,,,,,,,,,,,,0,2,1,,,0,127,14,,,60,0,,64,,1,1,0,0,0,127,0,127,0,0,0,0,-1,0
Drumkit,,22050hz,13,0x13_D-HiConga,,,,,,,,,,,,,0,2,1,,,0,127,19,,,60,0,,64,,1,1,0,0,0,127,0,127,0,0,0,0,-1,0
Drumkit,,22050hz,14,0x14_D-LoConga,,,,,,,,,,,,,0,2,1,,,0,127,20,,,60,0,,64,,1,1,0,0,0,127,0,127,0,0,0,0,-1,0
Drumkit,,22050hz,15,0x15_D-MuConga,,,,,,,,,,,,,0,2,1,,,0,127,21,,,60,0,,64,,1,1,0,0,0,127,0,127,0,0,0,0,-1,0
Drumkit,,22050hz,16,0x16_D-Cowbell,,,,,,,,,,,,,0,2,1,,,0,127,22,,,60,0,,64,,1,1,0,0,0,127,0,127,0,0,0,0,-1,0
Drumkit,,22079hz,17,0x17_D-CrashCy1-S,,,,,,,,,,,,,0,2,1,,,0,127,23,,,60,0,,64,,1,1,0,0,0,127,0,127,0,0,0,0,-1,0
Drumkit,,22086hz,18,0x18_D-CrashCy2-S,,,,,,,,,,,,,0,2,1,,,0,127,24,,,60,0,,64,,1,1,0,0,0,127,0,127,0,0,0,0,-1,0
SFX,,22050hz,19,0x19-U_SFX_Explosion,,003,+0,+0,0,127,,,,,,,0,2,1,,,0,127,25,,,60,0,,64,,1,1,0,0,0,127,0,127,0,0,0,0,-1,0
SFX,,22051hz,1D,0x1d-U_SFX_WaterRW1,,003,+0,+0,0,127,,,,,,,0,2,1,,,0,127,29,,,60,0,,64,,1,1,0,0,0,127,0,127,0,0,0,0,-1,0
SFX,,22260hz,20,0x20-U_SFX_Hrpschrd,,003,+0,+0,0,127,,,,,,,0,2,1,,,0,127,32,,,60,0,,64,,1,1,0,0,0,127,0,127,0,0,0,0,-1,0
Drumkit,,22050hz,29,0x29_D-HiHatClosed,,,,,,,,,,,,,0,2,1,,,0,127,41,,,60,0,,64,,1,1,0,0,0,127,0,127,0,0,0,0,-1,0
Drumkit,,22050hz,2A,0x2a_D-HiHatOpen,,,,,,,,,,,,,0,2,1,,,0,127,42,,,60,0,,64,,1,1,0,0,0,127,0,127,0,0,0,0,-1,0
Drumkit,,22050hz,2B,0x2b_D-HiHatPedal,,,,,,,,,,,,,0,2,1,,,0,127,43,,,60,0,,64,,1,1,0,0,0,127,0,127,0,0,0,0,-1,0
Drumkit,,22050hz,38,0x38_D-Tamburine,,,,,,,,,,,,,0,2,1,,,0,127,56,,,60,0,,64,,1,1,0,0,0,127,0,127,0,0,0,0,-1,0
Drumkit,,22050hz,3B,0x3b_D-RimHit1,,,,,,,,,,,,,0,2,1,,,0,127,59,,,60,0,,64,,1,1,0,0,0,127,0,127,0,0,0,0,-1,0
Drumkit,,22050hz,3C,0x3c_D-RimHit2,,,,,,,,,,,,,0,2,1,,,0,127,60,,,60,0,,64,,1,1,0,0,0,127,0,127,0,0,0,0,-1,0
Drumkit,,22050hz,3D,0x3d_D-Snare,,,,,,,,,,,,,0,2,1,,,0,127,61,,,60,0,,64,,1,1,0,0,0,127,0,127,0,0,0,0,-1,0
Drumkit,,22050hz,3E,0x3e_D-Snare,,,,,,,,,,,,,0,2,1,,,0,127,62,,,60,0,,64,,1,1,0,0,0,127,0,127,0,0,0,0,-1,0
Drumkit,,22050hz,3F,0x3f_D-Snare,,,,,,,,,,,,,0,2,1,,,0,127,63,,,60,0,,64,,1,1,0,0,0,127,0,127,0,0,0,0,-1,0
Drumkit,,22050hz,40,0x40_D-Snare,,,,,,,,,,,,,0,2,1,,,0,127,64,,,60,0,,64,,1,1,0,0,0,127,0,127,0,0,0,0,-1,0
Drumkit,,22050hz,41,0x41_D-Snare,,,,,,,,,,,,,0,2,1,,,0,127,65,,,60,0,,64,,1,1,0,0,0,127,0,127,0,0,0,0,-1,0
Drumkit,,22050hz,42,0x42_D-Snare,,,,,,,,,,,,,0,2,1,,,0,127,66,,,60,0,,64,,1,1,0,0,0,127,0,127,0,0,0,0,-1,0
Drumkit,,22050hz,43,0x43_D-Snare,,,,,,,,,,,,,0,2,1,,,0,127,67,,,60,0,,64,,1,1,0,0,0,127,0,127,0,0,0,0,-1,0
Drumkit,,22050hz,44,0x44_D-RimHit3,,,,,,,,,,,,,0,2,1,,,0,127,68,,,60,0,,64,,1,1,0,0,0,127,0,127,0,0,0,0,-1,0
Drumkit,,22050hz,45,0x45_D-Shaker2,,,,,,,,,,,,,0,2,1,,,0,127,69,,,60,0,,64,,1,1,0,0,0,127,0,127,0,0,0,0,-1,0
Drumkit,,22050hz,46,0x46_D-Slap,,,,,,,,,,,,,0,2,1,,,0,127,70,,,60,0,,64,,1,1,0,0,0,127,0,127,0,0,0,0,-1,0
Drumkit,,22050hz,47,0x47_D-Slap,,,,,,,,,,,,,0,2,1,,,0,127,71,,,60,0,,64,,1,1,0,0,0,127,0,127,0,0,0,0,-1,0
SFX,,22066hz,54,0x54-U_SFX_Magic5,,003,+0,+0,0,127,,,,,,,0,2,1,,,0,127,84,,,60,0,,64,,1,1,0,0,0,127,0,127,0,0,0,0,-1,0
SFX,,22069hz,55,0x55-U_SFX_Magic6,,003,+0,+0,0,127,,,,,,,0,2,1,,,0,127,85,,,60,0,,64,,1,1,0,0,0,127,0,127,0,0,0,0,-1,0
Drumkit,,22050hz,5E,0x5e_D-Tamburine,,,,,,,,,,,,,0,2,1,,,0,127,94,,,60,0,,64,,1,1,0,0,0,127,0,127,0,0,0,0,-1,0
Drumkit,,22050hz,5F,0x5f_D-Timbale,,,,,,,,,,,,,0,2,1,,,0,127,95,,,60,0,,64,,1,1,0,0,0,127,0,127,0,0,0,0,-1,0
Drumkit,,22050hz,60,0x60_D-Tom,,,,,,,,,,,,,0,2,1,,,0,127,96,,,60,0,,64,,1,1,0,0,0,127,0,127,0,0,0,0,-1,0
Drumkit,,22050hz,64,0x64_D-TriangleMute,,,,,,,,,,,,,0,2,1,,,0,127,100,,,60,0,,64,,1,1,0,0,0,127,0,127,0,0,0,0,-1,0
Drumkit,,22406hz,65,0x65_D-TriangleOpen,,,,,,,,,,,,,0,2,1,,,0,127,101,,,60,0,,64,,1,1,0,0,0,127,0,127,0,0,0,0,-1,0
SFX,,22054hz,68,0x68-U_SFX_TremFir,,003,+0,+0,0,127,,,,,,,0,2,1,,,0,127,104,,,60,0,,64,,1,1,0,0,0,127,0,127,0,0,0,0,-1,0
SFX,,22062hz,6A,0x6a-U_SFX_WaterSR2,,003,+0,+0,0,127,,,,,,,0,2,1,,,0,127,106,,,60,0,,64,,1,1,0,0,0,127,0,127,0,0,0,0,-1,0
SFX,,22073hz,6B,0x6b-U_SFX_WNoise4,,003,+0,+0,0,127,,,,,,,0,2,1,,,0,127,107,,,60,0,,64,,1,1,0,0,0,127,0,127,0,0,0,0,-1,0
SFX,,22068hz,6C,0x6c_SFX_WindGust,,003,+0,+0,0,127,,,,,,,0,2,1,,,0,127,108,,,60,0,,64,,1,1,0,0,0,127,0,127,0,0,0,0,-1,0
Drumkit,,22050hz,6D,0x6d_D-unknKnock,,,,,,,,,,,,,0,2,1,,,0,127,109,,,60,0,,64,,1,1,0,0,0,127,0,127,0,0,0,0,-1,0
Drumkit,,22050hz,6E,0x6e_D-HiAgogo,,,,,,,,,,,,,0,2,1,,,0,127,110,,,60,0,,64,,1,1,0,0,0,127,0,127,0,0,0,0,-1,0
SFX,,22106hz,71,0x71-U_SFX_Brass5th,,003,+0,+0,0,127,,,,,,,0,2,1,,,0,127,113,,,60,0,,64,,1,1,0,0,0,127,0,127,0,0,0,0,-1,0
Drumkit,,22050hz,83,0x83_D-BassDrum-S,,,,,,,,,,,,,0,2,1,,,0,127,131,,,60,0,,64,,1,1,0,0,0,127,0,127,0,0,0,0,-1,0
Drumkit,,22075hz,8B,0x8b_D-unknDrum-S,,,,,,,,,,,,,0,2,1,,,0,127,139,,,60,0,,64,,1,1,0,0,0,127,0,127,0,0,0,0,-1,0
Drumkit,,22151hz,8C,0x8c_D-Surdo-S,,,,,,,,,,,,,0,2,1,,,0,127,140,,,60,0,,64,,1,1,0,0,0,127,0,127,0,0,0,0,-1,0
Drumkit,,22050hz,95,0x95_D-Clave-S,,,,,,,,,,,,,0,2,1,,,0,127,149,,,60,0,,64,,1,1,0,0,0,127,0,127,0,0,0,0,-1,0
Drumkit,,22050hz,96,0x96_D-Shaker3,,,,,,,,,,,,,0,2,1,,,0,127,150,,,60,0,,64,,1,1,0,0,0,127,0,127,0,0,0,0,-1,0
Drumkit,,22115hz,97,0x97_D-unknHat-S,,,,,,,,,,,,,0,2,1,,,0,127,151,,,60,0,,64,,1,1,0,0,0,127,0,127,0,0,0,0,-1,0
Drumkit,,22158hz,AF,0xaf_D-Whistle,,,,,,,,,,,,,0,2,1,,,0,127,175,,,60,0,,64,,1,1,0,0,0,127,0,127,0,0,0,0,-1,0
Drumkit,,22050hz,BA,0xba_D-Guiro,,,,,,,,,,,,,0,2,1,,,0,127,186,,,60,0,,64,,1,1,0,0,0,127,0,127,0,0,0,0,-1,0
Drumkit,,22050hz,BB,0xbb_D-unknHat,,,,,,,,,,,,,0,2,1,,,0,127,187,,,60,0,,64,,1,1,0,0,0,127,0,127,0,0,0,0,-1,0
SFX,,32001hz,15E,0x15e_SFX_WindH1,,003,+0,+0,0,127,,,,,,,0,2,1,,,0,127,350,,,60,0,,64,,1,1,0,0,0,127,0,127,0,0,0,0,-1,0
SFX,,22050hz,1F4,0x1f4-U_SFX_WNoise3,,003,+0,+0,0,127,,,,,,,0,2,1,,,0,127,500,,,60,0,,64,,1,1,0,0,0,127,0,127,0,0,0,0,-1,0
SFX,,22050hz,1F5,0x1f5_SFX_Electro4,,003,+0,+0,0,127,,,,,,,0,2,1,,,0,127,501,,,60,0,,64,,1,1,0,0,0,127,0,127,0,0,0,0,-1,0
SFX,,16006hz,1F6,0x1f6_SFX_WaterRSW1,,003,+0,+0,0,127,,,,,,,0,2,1,,,0,127,502,,,60,0,,64,,1,1,0,0,0,127,0,127,0,0,0,0,-1,0
SFX,,24000hz,1F7,0x1f7_SFX_WaterR2,,003,+0,+0,0,127,,,,,,,0,2,1,,,0,127,503,,,60,0,,64,,1,1,0,0,0,127,0,127,0,0,0,0,-1,0
SFX,,16000hz,1F8,0x1f8-U_SFX_ThunderF,,003,+0,+0,0,127,,,,,,,0,2,1,,,0,127,504,,,60,0,,64,,1,1,0,0,0,127,0,127,0,0,0,0,-1,0
SFX,,22054hz,1F9,0x1f9-U_SFX_Inferno,,003,+0,+0,0,127,,,,,,,0,2,1,,,0,127,505,,,60,0,,64,,1,1,0,0,0,127,0,127,0,0,0,0,-1,0
SFX,,44103hz,208,0x208_SFX_WindH2,,003,+0,+0,0,127,,,,,,,0,2,1,,,0,127,520,,,60,0,,64,,1,1,0,0,0,127,0,127,0,0,0,0,-1,0
SFX,,32001hz,209,0x209-U_SFX_WindH1,,003,+0,+0,0,127,,,,,,,0,2,1,,,0,127,521,,,60,0,,64,,1,1,0,0,0,127,0,127,0,0,0,0,-1,0
SFX,,32000hz,20A,0x20a_SFX_WindH4,,003,+0,+0,0,127,,,,,,,0,2,1,,,0,127,522,,,60,0,,64,,1,1,0,0,0,127,0,127,0,0,0,0,-1,0
SFX,,44102hz,20B,0x20b-U_SFX_WindH1,,003,+0,+0,0,127,,,,,,,0,2,1,,,0,127,523,,,60,0,,64,,1,1,0,0,0,127,0,127,0,0,0,0,-1,0
Drumkit,,32000hz,27E,0x27e_D-Tamburine,,,,,,,,,,,,,0,2,1,,,0,127,638,,,60,0,,64,,1,1,0,0,0,127,0,127,0,0,0,0,-1,0
Drumkit,,22282hz,280,0x280_D-unknDrum-S,,,,,,,,,,,,,0,2,1,,,0,127,640,,,60,0,,64,,1,1,0,0,0,127,0,127,0,0,0,0,-1,0
Drumkit,,22050hz,281,0x281_D-unknDrum,,,,,,,,,,,,,0,2,1,,,0,127,641,,,60,0,,64,,1,1,0,0,0,127,0,127,0,0,0,0,-1,0
Drumkit,,11069hz,282,0x282_D-unknDrum-S,,,,,,,,,,,,,0,2,1,,,0,127,642,,,60,0,,64,,1,1,0,0,0,127,0,127,0,0,0,0,-1,0
Drumkit,,11025hz,283,0x283_D-Taiko,,,,,,,,,,,,,0,2,1,,,0,127,643,,,60,0,,64,,1,1,0,0,0,127,0,127,0,0,0,0,-1,0
Drumkit,,11025hz,284,0x284_D-unknDrum,,,,,,,,,,,,,0,2,1,,,0,127,644,,,60,0,,64,,1,1,0,0,0,127,0,127,0,0,0,0,-1,0
Drumkit,,11025hz,285,0x285_D-unknDrum,,,,,,,,,,,,,0,2,1,,,0,127,645,,,60,0,,64,,1,1,0,0,0,127,0,127,0,0,0,0,-1,0
Drumkit,,22050hz,286,0x286_D-Conga2Hit1,,,,,,,,,,,,,0,2,1,,,0,127,646,,,60,0,,64,,1,1,0,0,0,127,0,127,0,0,0,0,-1,0
Drumkit,,22050hz,287,0x287_D-Conga2Hit2,,,,,,,,,,,,,0,2,1,,,0,127,647,,,60,0,,64,,1,1,0,0,0,127,0,127,0,0,0,0,-1,0
Drumkit,,22050hz,288,0x288_D-Conga2Mute1,,,,,,,,,,,,,0,2,1,,,0,127,648,,,60,0,,64,,1,1,0,0,0,127,0,127,0,0,0,0,-1,0
Drumkit,,22050hz,289,0x289_Conga2Mute2,,,,,,,,,,,,,0,2,1,,,0,127,649,,,60,0,,64,,1,1,0,0,0,127,0,127,0,0,0,0,-1,0
Drumkit,,22050hz,28A,0x28a_D-WoodBlock2,,,,,,,,,,,,,0,2,1,,,0,127,650,,,60,0,,64,,1,1,0,0,0,127,0,127,0,0,0,0,-1,0
Drumkit,,32044hz,2BE,0x2be_D-CrashCy3-S,,,,,,,,,,,,,0,2,1,,,0,127,702,,,60,0,,64,,1,1,0,0,0,127,0,127,0,0,0,0,-1,0
SFX,,16000hz,2BF,0x2bf_SFX_Dojo,,003,+0,+0,0,127,,,,,,,0,2,1,,,0,127,703,,,60,0,,64,,1,1,0,0,0,127,0,127,0,0,0,0,-1,0
SFX,,22050hz,2C0,0x2c0_SFX_WNoise1,,003,+0,+0,0,127,,,,,,,0,2,1,,,0,127,704,,,60,0,,64,,1,1,0,0,0,127,0,127,0,0,0,0,-1,0
SFX,,32000hz,2C1,0x2c1_SFX_WNoise2,,003,+0,+0,0,127,,,,,,,0,2,1,,,0,127,705,,,60,0,,64,,1,1,0,0,0,127,0,127,0,0,0,0,-1,0
SFX,,16000hz,2C2,0x2c2_SFX_Clock,,003,+0,+0,0,127,,,,,,,0,2,1,,,0,127,706,,,60,0,,64,,1,1,0,0,0,127,0,127,0,0,0,0,-1,0
Drumkit,,16000hz,2C3,0x2c3_D-WoodBlock1,,,,,,,,,,,,,0,2,1,,,0,127,707,,,60,0,,64,,1,1,0,0,0,127,0,127,0,0,0,0,-1,0
SFX,,11025hz,320,0x320_SFX_Eating,,003,+0,+0,0,127,,,,,,,0,2,1,,,0,127,800,,,60,0,,64,,1,1,0,0,0,127,0,127,0,0,0,0,-1,0
SFX,,16008hz,321,0x321_SFX_WaterW 1,,003,+0,+0,0,127,,,,,,,0,2,1,,,0,127,801,,,60,0,,64,,1,1,0,0,0,127,0,127,0,0,0,0,-1,0
SFX,,32005hz,322,0x322_SFX_WaterSW1,,003,+0,+0,0,127,,,,,,,0,2,1,,,0,127,802,,,60,0,,64,,1,1,0,0,0,127,0,127,0,0,0,0,-1,0
SFX,,22050hz,323,0x323-U_SFX_Tremor5,,003,+0,+0,0,127,,,,,,,0,2,1,,,0,127,803,,,60,0,,64,,1,1,0,0,0,127,0,127,0,0,0,0,-1,0
SFX,,22050hz,324,0x324-U_SFX_Tremor6,,003,+0,+0,0,127,,,,,,,0,2,1,,,0,127,804,,,60,0,,64,,1,1,0,0,0,127,0,127,0,0,0,0,-1,0
SFX,,32000hz,325,0x325-U_SFX_Electro5,,003,+0,+0,0,127,,,,,,,0,2,1,,,0,127,805,,,60,0,,64,,1,1,0,0,0,127,0,127,0,0,0,0,-1,0
SFX,,32000hz,326,0x326-U_SFX_Electro6,,003,+0,+0,0,127,,,,,,,0,2,1,,,0,127,806,,,60,0,,64,,1,1,0,0,0,127,0,127,0,0,0,0,-1,0
SFX,,11031hz,327,0x327-U_SFX_WaterSW2,,003,+0,+0,0,127,,,,,,,0,2,1,,,0,127,807,,,60,0,,64,,1,1,0,0,0,127,0,127,0,0,0,0,-1,0
SFX,,11025hz,384,0x384_SFX_WaveOrWnd1,,003,+0,+0,0,127,,,,,,,0,2,1,,,0,127,900,,,60,0,,64,,1,1,0,0,0,127,0,127,0,0,0,0,-1,0
SFX,,20000hz,385,0x385_SFX_WaterS1,,003,+0,+0,0,127,,,,,,,0,2,1,,,0,127,901,,,60,0,,64,,1,1,0,0,0,127,0,127,0,0,0,0,-1,0
SFX,,18000hz,386,0x386_SFX_WaveOrWnd2,,003,+0,+0,0,127,,,,,,,0,2,1,,,0,127,902,,,60,0,,64,,1,1,0,0,0,127,0,127,0,0,0,0,-1,0
SFX,,16000hz,387,0x387_SFX_WaterR1,,003,+0,+0,0,127,,,,,,,0,2,1,,,0,127,903,,,60,0,,64,,1,1,0,0,0,127,0,127,0,0,0,0,-1,0
SFX,,14008hz,388,0x388_SFX_Thunder,,003,+0,+0,0,127,,,,,,,0,2,1,,,0,127,904,,,60,0,,64,,1,1,0,0,0,127,0,127,0,0,0,0,-1,0
SFX,,18003hz,389,0x389_SFX_WindH3,,003,+0,+0,0,127,,,,,,,0,2,1,,,0,127,905,,,60,0,,64,,1,1,0,0,0,127,0,127,0,0,0,0,-1,0
SFX,,16000hz,38A,0x38a_SFX_Tremor1,,003,+0,+0,0,127,,,,,,,0,2,1,,,0,127,906,,,60,0,,64,,1,1,0,0,0,127,0,127,0,0,0,0,-1,0
SFX,,22081hz,38B,0x38b_SFX_Tremor2,,003,+0,+0,0,127,,,,,,,0,2,1,,,0,127,907,,,60,0,,64,,1,1,0,0,0,127,0,127,0,0,0,0,-1,0
SFX,,18001hz,38C,0x38c_SFX_Tremor5,,003,+0,+0,0,127,,,,,,,0,2,1,,,0,127,908,,,60,0,,64,,1,1,0,0,0,127,0,127,0,0,0,0,-1,0
SFX,,18000hz,38D,0x38d_SFX_Tremor3,,003,+0,+0,0,127,,,,,,,0,2,1,,,0,127,909,,,60,0,,64,,1,1,0,0,0,127,0,127,0,0,0,0,-1,0
SFX,,44100hz,38E,0x38e_SFX_Tremor4,,003,+0,+0,0,127,,,,,,,0,2,1,,,0,127,910,,,60,0,,64,,1,1,0,0,0,127,0,127,0,0,0,0,-1,0
SFX,,18000hz,38F,0x38f_SFX_Bubble1,,003,+0,+0,0,127,,,,,,,0,2,1,,,0,127,911,,,60,0,,64,,1,1,0,0,0,127,0,127,0,0,0,0,-1,0
SFX,,11025hz,390,0x390_SFX_Bubble2,,003,+0,+0,0,127,,,,,,,0,2,1,,,0,127,912,,,60,0,,64,,1,1,0,0,0,127,0,127,0,0,0,0,-1,0
SFX,,26000hz,391,0x391_SFX_WaterSR1,,003,+0,+0,0,127,,,,,,,0,2,1,,,0,127,913,,,60,0,,64,,1,1,0,0,0,127,0,127,0,0,0,0,-1,0
SFX,,44100hz,392,0x392_SFX_WaveOrWnd3,,003,+0,+0,0,127,,,,,,,0,2,1,,,0,127,914,,,60,0,,64,,1,1,0,0,0,127,0,127,0,0,0,0,-1,0
SFX,,26059hz,393,0x393_SFX_Magic1,,003,+0,+0,0,127,,,,,,,0,2,1,,,0,127,915,,,60,0,,64,,1,1,0,0,0,127,0,127,0,0,0,0,-1,0
SFX,,23000hz,394,0x394_SFX_Electro1,,003,+0,+0,0,127,,,,,,,0,2,1,,,0,127,916,,,60,0,,64,,1,1,0,0,0,127,0,127,0,0,0,0,-1,0
SFX,,23000hz,395,0x395_SFX_Swoosh,,003,+0,+0,0,127,,,,,,,0,2,1,,,0,127,917,,,60,0,,64,,1,1,0,0,0,127,0,127,0,0,0,0,-1,0
SFX,,23000hz,396,0x396_SFX_Electro2,,003,+0,+0,0,127,,,,,,,0,2,1,,,0,127,918,,,60,0,,64,,1,1,0,0,0,127,0,127,0,0,0,0,-1,0
SFX,,18000hz,397,0x397_SFX_Electro3,,003,+0,+0,0,127,,,,,,,0,2,1,,,0,127,919,,,60,0,,64,,1,1,0,0,0,127,0,127,0,0,0,0,-1,0
SFX,,18000hz,398,0x398_SFX_FirePop,,003,+0,+0,0,127,,,,,,,0,2,1,,,0,127,920,,,60,0,,64,,1,1,0,0,0,127,0,127,0,0,0,0,-1,0
SFX,,20000hz,399,0x399_SFX_Fire1,,003,+0,+0,0,127,,,,,,,0,2,1,,,0,127,921,,,60,0,,64,,1,1,0,0,0,127,0,127,0,0,0,0,-1,0
SFX,,16000hz,39A,0x39a_SFX_Fire2,,003,+0,+0,0,127,,,,,,,0,2,1,,,0,127,922,,,60,0,,64,,1,1,0,0,0,127,0,127,0,0,0,0,-1,0
SFX,,22021hz,39B,0x39b_SFX_Magic3,,003,+0,+0,0,127,,,,,,,0,2,1,,,0,127,923,,,60,0,,64,,1,1,0,0,0,127,0,127,0,0,0,0,-1,0
SFX,,24000hz,39C,0x39c_SFX_Magic4,,003,+0,+0,0,127,,,,,,,0,2,1,,,0,127,924,,,60,0,,64,,1,1,0,0,0,127,0,127,0,0,0,0,-1,0
SFX,,24000hz,39D,0x39d_SFX_Magic2,,003,+0,+0,0,127,,,,,,,0,2,1,,,0,127,925,,,60,0,,64,,1,1,0,0,0,127,0,127,0,0,0,0,-1,0
SFX,,24011hz,39E,0x39e_SFX_DrkFtrChrd,,003,+0,+0,0,127,,,,,,,0,2,1,,,0,127,926,,,60,0,,64,,1,1,0,0,0,127,0,127,0,0,0,0,-1,0
SFX,,24014hz,39F,0x39f-U_SFX_unkn,,003,+0,+0,0,127,,,,,,,0,2,1,,,0,127,927,,,60,0,,64,,1,1,0,0,0,127,0,127,0,0,0,0,-1,0
SFX,,22050hz,3A0,0x3a0-U_SFX_Crack3,,003,+0,+0,0,127,,,,,,,0,2,1,,,0,127,928,,,60,0,,64,,1,1,0,0,0,127,0,127,0,0,0,0,-1,0
Drumkit,,22050hz,3A1,0x3a1-U_D-RecScratch,,,,,,,,,,,,,0,2,1,,,0,127,929,,,60,0,,64,,1,1,0,0,0,127,0,127,0,0,0,0,-1,0
Drumkit,,22050hz,3A2,0x3a2-U_D-RecScratch,,,,,,,,,,,,,0,2,1,,,0,127,930,,,60,0,,64,,1,1,0,0,0,127,0,127,0,0,0,0,-1,0
SFX,,44539hz,3A3,0x3a3-U_QuietSine,,003,+0,+0,0,127,,,,,,,0,2,1,,,0,127,931,,,60,0,,64,,1,1,0,0,0,127,0,127,0,0,0,0,-1,0
SFX,,14000hz,3A4,0x3a4_SFX_Bubble3,,003,+0,+0,0,127,,,,,,,0,2,1,,,0,127,932,,,60,0,,64,,1,1,0,0,0,127,0,127,0,0,0,0,-1,0
SFX,,14004hz,3A5,0x3a5_SFX_Splash,,003,+0,+0,0,127,,,,,,,0,2,1,,,0,127,933,,,60,0,,64,,1,1,0,0,0,127,0,127,0,0,0,0,-1,0
SFX,,16000hz,3A6,0x3a6_SFX_WaveOrWnd4,,003,+0,+0,0,127,,,,,,,0,2,1,,,0,127,934,,,60,0,,64,,1,1,0,0,0,127,0,127,0,0,0,0,-1,0
SFX,,16006hz,3A7,0x3a7_SFX_Wind2,,003,+0,+0,0,127,,,,,,,0,2,1,,,0,127,935,,,60,0,,64,,1,1,0,0,0,127,0,127,0,0,0,0,-1,0
SFX,,16000hz,3A8,0x3a8_SFX_Droplet1,,003,+0,+0,0,127,,,,,,,0,2,1,,,0,127,936,,,60,0,,64,,1,1,0,0,0,127,0,127,0,0,0,0,-1,0
SFX,,16000hz,3A9,0x3a9_SFX_Wind3,,003,+0,+0,0,127,,,,,,,0,2,1,,,0,127,937,,,60,0,,64,,1,1,0,0,0,127,0,127,0,0,0,0,-1,0
SFX,,16000hz,3AA,0x3aa_SFX_Droplet2,,003,+0,+0,0,127,,,,,,,0,2,1,,,0,127,938,,,60,0,,64,,1,1,0,0,0,127,0,127,0,0,0,0,-1,0
SFX,,24000hz,3AB,0x3ab_SFX_WaterS2,,003,+0,+0,0,127,,,,,,,0,2,1,,,0,127,939,,,60,0,,64,,1,1,0,0,0,127,0,127,0,0,0,0,-1,0
SFX,,16004hz,3AC,0x3ac_SFX_WaterR3,,003,+0,+0,0,127,,,,,,,0,2,1,,,0,127,940,,,60,0,,64,,1,1,0,0,0,127,0,127,0,0,0,0,-1,0
SFX,,14000hz,3AD,0x3ad_SFX_WindH5,,003,+0,+0,0,127,,,,,,,0,2,1,,,0,127,941,,,60,0,,64,,1,1,0,0,0,127,0,127,0,0,0,0,-1,0
SFX,,11025hz,3AE,0x3ae_SFX_Hiss,,003,+0,+0,0,127,,,,,,,0,2,1,,,0,127,942,,,60,0,,64,,1,1,0,0,0,127,0,127,0,0,0,0,-1,0
SFX,,14003hz,3AF,0x3af_SFX_Wind1,,003,+0,+0,0,127,,,,,,,0,2,1,,,0,127,943,,,60,0,,64,,1,1,0,0,0,127,0,127,0,0,0,0,-1,0
SFX,,14007hz,3B0,0x3b0_SFX_Rustling,,003,+0,+0,0,127,,,,,,,0,2,1,,,0,127,944,,,60,0,,64,,1,1,0,0,0,127,0,127,0,0,0,0,-1,0
SFX,,14002hz,3B1,0x3b1_SFX_WaterR4,,003,+0,+0,0,127,,,,,,,0,2,1,,,0,127,945,,,60,0,,64,,1,1,0,0,0,127,0,127,0,0,0,0,-1,0
SFX,,11025hz,3B2,0x3b2_SFX_Crack1,,003,+0,+0,0,127,,,,,,,0,2,1,,,0,127,946,,,60,0,,64,,1,1,0,0,0,127,0,127,0,0,0,0,-1,0
SFX,,14000hz,3B3,0x3b3_SFX_Crack2,,003,+0,+0,0,127,,,,,,,0,2,1,,,0,127,947,,,60,0,,64,,1,1,0,0,0,127,0,127,0,0,0,0,-1,0
SFX,,14003hz,3B4,0x3b4_SFX_WaterR5,,003,+0,+0,0,127,,,,,,,0,2,1,,,0,127,948,,,60,0,,64,,1,1,0,0,0,127,0,127,0,0,0,0,-1,0